otodom,morizon,adresowo,freedom,metrohouse
https://www.otodom.pl/oferta/przestronna-kawalerka-rezerwacja-ID3Y0qU.html#115d627921,https://www.morizon.pl/oferta/sprzedaz-mieszkanie-gdansk-suchanino-31m2-mzn2033288414,https://adresowo.pl/o/y2a7u6,https://www.freedom-nieruchomosci.pl/oferta/14371-3685-OMS,https://metrohouse.pl/nieruchomosc/LAKE629/nieruchomosc-na-sprzedaz-mieszkanie-gdansk-jasien-/!/caller/L25hLXNwcnplZGF6L21pZXN6a2FuaWUvZ2RhbnNrLy0vMjUwMDAwLWRvX1BMTi8%3D___ref___LAKE629
https://www.otodom.pl/oferta/3-pokoje-tbs-z-korzystnym-czynszem-ID3XYFq.html#115d627921,https://www.morizon.pl/oferta/sprzedaz-mieszkanie-gdansk-przerobka-bajki-25m2-mzn2033287423,https://adresowo.pl/o/t8v5h8,,https://metrohouse.pl/nieruchomosc/ZETE174/nieruchomosc-na-sprzedaz-mieszkanie-gdansk-jasien-/!/caller/L25hLXNwcnplZGF6L21pZXN6a2FuaWUvZ2RhbnNrLy0vMjUwMDAwLWRvX1BMTi8%3D___ref___ZETE174
https://www.otodom.pl/oferta/mieszkanie-blisko-morza-z-widokiem-na-wisle-ID3XQ3G.html#115d627921,https://www.morizon.pl/oferta/sprzedaz-mieszkanie-gdansk-srodmiescie-bajki-25m2-mzn2033287422,https://adresowo.pl/o/v0h2n7,,https://metrohouse.pl/nieruchomosc/HUWU645/nieruchomosc-na-sprzedaz-mieszkanie-gdansk-jasien-/!/caller/L25hLXNwcnplZGF6L21pZXN6a2FuaWUvZ2RhbnNrLy0vMjUwMDAwLWRvX1BMTi8%3D___ref___HUWU645
https://www.otodom.pl/oferta/gdansk-siedlce-kawalerka-na-sprzedaz-250-000-zl-ID3XNvo.html#115d627921,https://www.morizon.pl/oferta/sprzedaz-mieszkanie-gdanski-pruszcz-gdanski-obroncow-pokoju-26m2-mzn2033284127,https://adresowo.pl/o/z2c2a3,,https://metrohouse.pl/nieruchomosc/PUJI449/nieruchomosc-na-sprzedaz-mieszkanie-gdansk-jasien-stezycka/!/caller/L25hLXNwcnplZGF6L21pZXN6a2FuaWUvZ2RhbnNrLy0vMjUwMDAwLWRvX1BMTi8%3D___ref___PUJI449
https://www.otodom.pl/oferta/kawalerka-we-wrzeszczu-swietna-inwestycja-ID3XJW2.html#115d627921,https://www.morizon.pl/oferta/sprzedaz-mieszkanie-gdansk-swibnienska-35m2-mzn2033281258,https://adresowo.pl/o/n3l2g0,,https://metrohouse.pl/nieruchomosc/CIWO238/nieruchomosc-na-sprzedaz-mieszkanie-gdansk-jasien-stezycka/!/caller/L25hLXNwcnplZGF6L21pZXN6a2FuaWUvZ2RhbnNrLy0vMjUwMDAwLWRvX1BMTi8%3D___ref___CIWO238
https://www.otodom.pl/oferta/przytulne-mieszkanie-na-styku-gdanska-i-borkowa-ID3XGDS.html#115d627921,https://www.morizon.pl/oferta/sprzedaz-mieszkanie-gdansk-rudniki-zagroble-40m2-mzn2033270498,https://adresowo.pl/o/w6g8u0,,https://metrohouse.pl/nieruchomosc/XIFY737/nieruchomosc-na-sprzedaz-mieszkanie-gdansk-jasien-stezycka/!/caller/L25hLXNwcnplZGF6L21pZXN6a2FuaWUvZ2RhbnNrLy0vMjUwMDAwLWRvX1BMTi8%3D___ref___XIFY737
https://www.otodom.pl/oferta/kawalerka-po-kapitalnym-remoncie-wrzeszcz-ID3XChi.html#115d627921,https://www.morizon.pl/oferta/sprzedaz-mieszkanie-gdansk-szara-30m2-mzn2033279312,https://adresowo.pl/o/p9w7d5,,https://metrohouse.pl/nieruchomosc/SYWI828/nieruchomosc-na-sprzedaz-mieszkanie-gdansk-jasien-stezycka/!/caller/L25hLXNwcnplZGF6L21pZXN6a2FuaWUvZ2RhbnNrLy0vMjUwMDAwLWRvX1BMTi8%3D___ref___SYWI828
https://www.otodom.pl/oferta/kawalerka-po-remoncie-przy-tramwaju-inwestycja-ID3XBtV.html#115d627921,https://www.morizon.pl/oferta/sprzedaz-mieszkanie-gdansk-ujescisko-lostowice-zlota-31m2-mzn2033278534,https://adresowo.pl/o/n7g3n3,,https://metrohouse.pl/nieruchomosc/DUBU627/nieruchomosc-na-sprzedaz-mieszkanie-gdansk-jasien-stezycka/!/caller/L25hLXNwcnplZGF6L21pZXN6a2FuaWUvZ2RhbnNrLy0vMjUwMDAwLWRvX1BMTi8%3D___ref___DUBU627
https://www.otodom.pl/oferta/kawalerka-w-genialnej-lokalizacji-przymorze-ID3XxGM.html#115d627921,https://www.morizon.pl/oferta/sprzedaz-mieszkanie-gdansk-matarnia-mjr-mieczyslawa-slabego-29m2-mzn2033278499,https://adresowo.pl/o/z8u8f8,,https://metrohouse.pl/nieruchomosc/CUPU714/nieruchomosc-na-sprzedaz-mieszkanie-gdansk-jasien-stezycka/!/caller/L25hLXNwcnplZGF6L21pZXN6a2FuaWUvZ2RhbnNrLy0vMjUwMDAwLWRvX1BMTi8%3D___ref___CUPU714
https://www.otodom.pl/oferta/mieszkanie-pruszcz-gdanski-ID3Xx2M.html#115d627921,https://www.morizon.pl/oferta/sprzedaz-mieszkanie-gdansk-ujescisko-lostowice-pastelowa-36m2-mzn2033278504,https://adresowo.pl/o/q4m4f8,,https://metrohouse.pl/nieruchomosc/LUFI974/nieruchomosc-na-sprzedaz-mieszkanie-gdansk-jasien-stezycka/!/caller/L25hLXNwcnplZGF6L21pZXN6a2FuaWUvZ2RhbnNrLy0vMjUwMDAwLWRvX1BMTi8%3D___ref___LUFI974
https://www.otodom.pl/oferta/nowy-port-przytulne-i-ustawne-mieszkanie-ID3Xssg.html#115d627921,https://www.morizon.pl/oferta/sprzedaz-mieszkanie-gdansk-wrzeszcz-boleslawa-chrobrego-28m2-mzn2033278483,,,https://metrohouse.pl/nieruchomosc/WOJY773/nieruchomosc-na-sprzedaz-mieszkanie-gdansk-jasien-stezycka/!/caller/L25hLXNwcnplZGF6L21pZXN6a2FuaWUvZ2RhbnNrLy0vMjUwMDAwLWRvX1BMTi8%3D___ref___WOJY773
https://www.otodom.pl/oferta/mieszkanie-36-m-gdansk-ID3Xqla.html#115d627921,https://www.morizon.pl/oferta/sprzedaz-mieszkanie-gdansk-ujescisko-lostowice-przemyska-38m2-mzn2033278232,,,https://metrohouse.pl/nieruchomosc/KYZO459/nieruchomosc-na-sprzedaz-mieszkanie-gdansk-jasien-stezycka/!/caller/L25hLXNwcnplZGF6L21pZXN6a2FuaWUvZ2RhbnNrLy0vMjUwMDAwLWRvX1BMTi8%3D___ref___KYZO459
https://www.otodom.pl/oferta/rubinowa-26m2-ii-pietro-po-kap-remoncie-ID3XiiI.html#115d627921,https://www.morizon.pl/oferta/sprzedaz-mieszkanie-gdansk-wrzeszcz-boleslawa-chrobrego-27m2-mzn2033276359,,,https://metrohouse.pl/nieruchomosc/MYJO363/nieruchomosc-na-sprzedaz-mieszkanie-gdansk-jasien-stezycka/!/caller/L25hLXNwcnplZGF6L21pZXN6a2FuaWUvZ2RhbnNrLy0vMjUwMDAwLWRvX1BMTi8%3D___ref___MYJO363
https://www.otodom.pl/oferta/idealne-dla-pracownikow-2-3-pokoje-za-208-tys-ID3Xhq8.html#115d627921,https://www.morizon.pl/oferta/sprzedaz-mieszkanie-gdansk-przymorze-slaska-22m2-mzn2033275252,,,https://metrohouse.pl/nieruchomosc/HEHO431/nieruchomosc-na-sprzedaz-mieszkanie-gdansk-jasien-stezycka/!/caller/L25hLXNwcnplZGF6L21pZXN6a2FuaWUvZ2RhbnNrLy0vMjUwMDAwLWRvX1BMTi8%3D___ref___HEHO431
https://www.otodom.pl/oferta/mieszkanie-25-m-gdansk-ID3Xc56.html#115d627921,https://www.morizon.pl/oferta/sprzedaz-mieszkanie-gdansk-wrzeszcz-raclawicka-30m2-mzn2033253093,,,https://metrohouse.pl/nieruchomosc/FUPI696/nieruchomosc-na-sprzedaz-mieszkanie-gdansk-jasien-stezycka/!/caller/L25hLXNwcnplZGF6L21pZXN6a2FuaWUvZ2RhbnNrLy0vMjUwMDAwLWRvX1BMTi8%3D___ref___FUPI696
https://www.otodom.pl/oferta/kawalerka-gdansk-przymorze-ul-obroncow-wybrzaza-ID3XaNC.html#115d627921,https://www.morizon.pl/oferta/sprzedaz-mieszkanie-gdansk-wrzeszcz-boleslawa-chrobrego-28m2-mzn2033253082,,,https://metrohouse.pl/nieruchomosc/MAWE807/nieruchomosc-na-sprzedaz-mieszkanie-gdansk-jasien-stezycka/!/caller/L25hLXNwcnplZGF6L21pZXN6a2FuaWUvZ2RhbnNrLy0vMjUwMDAwLWRvX1BMTi8%3D___ref___MAWE807
https://www.otodom.pl/oferta/kawalerka-bezczynszowa-od-zaraz-ID3X3p2.html#115d627921,https://www.morizon.pl/oferta/sprzedaz-mieszkanie-gdansk-slaska-22m2-mzn2033251320,,,https://metrohouse.pl/nieruchomosc/XELA057/nieruchomosc-na-sprzedaz-mieszkanie-gdansk-jasien-stezycka/!/caller/L25hLXNwcnplZGF6L21pZXN6a2FuaWUvZ2RhbnNrLy0vMjUwMDAwLWRvX1BMTi8%3D___ref___XELA057
https://www.otodom.pl/oferta/mieszkanie-kowale-ID3VXVI.html#115d627921,https://www.morizon.pl/oferta/sprzedaz-mieszkanie-gdansk-przymorze-gen-bora-komorowskiego-28m2-mzn2033246751,,,https://metrohouse.pl/nieruchomosc/WULI067/nieruchomosc-na-sprzedaz-mieszkanie-gdansk-jasien-stezycka/!/caller/L25hLXNwcnplZGF6L21pZXN6a2FuaWUvZ2RhbnNrLy0vMjUwMDAwLWRvX1BMTi8%3D___ref___WULI067
https://www.otodom.pl/oferta/przestronne-dwa-pokoje-w-dobrej-cenie-dabrowa-ID3VXHi.html#115d627921,https://www.morizon.pl/oferta/sprzedaz-mieszkanie-gdansk-jasien-jabloniowa-32m2-mzn2033243587,,,https://metrohouse.pl/nieruchomosc/DIRO313/nieruchomosc-na-sprzedaz-mieszkanie-gdansk-jasien-stezycka/!/caller/L25hLXNwcnplZGF6L21pZXN6a2FuaWUvZ2RhbnNrLy0vMjUwMDAwLWRvX1BMTi8%3D___ref___DIRO313
https://www.otodom.pl/oferta/mieszkanie-37-m-pruszcz-gdanski-ID3VWDC.html#115d627921,https://www.morizon.pl/oferta/sprzedaz-mieszkanie-gdansk-siedlce-pobiedzisko-38m2-mzn2033242583,,,https://metrohouse.pl/nieruchomosc/ZINE346/nieruchomosc-na-sprzedaz-mieszkanie-gdansk-jasien-stezycka/!/caller/L25hLXNwcnplZGF6L21pZXN6a2FuaWUvZ2RhbnNrLy0vMjUwMDAwLWRvX1BMTi8%3D___ref___ZINE346
https://www.otodom.pl/oferta/sloneczna-kawalerka-z-tarasem-do-wprowadzenia-ID3VLmM.html#115d627921,https://www.morizon.pl/oferta/sprzedaz-mieszkanie-gdansk-siedlce-pobiedzisko-36m2-mzn2033237964,,,https://metrohouse.pl/nieruchomosc/BIGI054/nieruchomosc-na-sprzedaz-mieszkanie-gdansk-jasien-stezycka/!/caller/L25hLXNwcnplZGF6L21pZXN6a2FuaWUvZ2RhbnNrLy0vMjUwMDAwLWRvX1BMTi8%3D___ref___BIGI054
https://www.otodom.pl/oferta/mieszkanie-gdansk-siedlce-ID3VKx2.html#115d627921,https://www.morizon.pl/oferta/sprzedaz-mieszkanie-gdansk-siedlce-pobiedzisko-36m2-mzn2033237366,,,https://metrohouse.pl/nieruchomosc/ZUBO395/nieruchomosc-na-sprzedaz-mieszkanie-gdansk-jasien-stezycka/!/caller/L25hLXNwcnplZGF6L21pZXN6a2FuaWUvZ2RhbnNrLy0vMjUwMDAwLWRvX1BMTi8%3D___ref___ZUBO395
https://www.otodom.pl/oferta/mieszkanie-22-m-tczew-ID3VJzy.html#115d627921,https://www.morizon.pl/oferta/sprzedaz-mieszkanie-gdansk-ujescisko-lostowice-niepolomicka-34m2-mzn2033193257,,,https://metrohouse.pl/nieruchomosc/KIXI152/nieruchomosc-na-sprzedaz-mieszkanie-gdansk-jasien-stezycka/!/caller/L25hLXNwcnplZGF6L21pZXN6a2FuaWUvZ2RhbnNrLy0vMjUwMDAwLWRvX1BMTi8%3D___ref___KIXI152
https://www.otodom.pl/oferta/mieszkanie-47-m-pruszcz-gdanski-ID3VHyc.html#115d627921,https://www.morizon.pl/oferta/sprzedaz-mieszkanie-gdansk-wyspa-sobieszewska-turystyczna-30m2-mzn2033190855,,,https://metrohouse.pl/nieruchomosc/HADA390/nieruchomosc-na-sprzedaz-mieszkanie-gdansk-jasien-stezycka/!/caller/L25hLXNwcnplZGF6L21pZXN6a2FuaWUvZ2RhbnNrLy0vMjUwMDAwLWRvX1BMTi8%3D___ref___HADA390
,https://www.morizon.pl/oferta/sprzedaz-mieszkanie-gdansk-ujescisko-lostowice-przemyska-37m2-mzn2033180364,,,https://metrohouse.pl/nieruchomosc/FYSA979/nieruchomosc-na-sprzedaz-mieszkanie-gdansk-jasien-stezycka/!/caller/L25hLXNwcnplZGF6L21pZXN6a2FuaWUvZ2RhbnNrLy0vMjUwMDAwLWRvX1BMTi8%3D___ref___FYSA979
